k_distance,band,energy_ev
0.00000000,0,-68.19108029
0.00000000,1,-68.14333608
0.00000000,2,-35.23173898
0.00000000,3,-34.83053972
0.00000000,4,-34.83051317
0.00000000,5,-34.74123979
0.00000000,6,-34.74122852
0.00000000,7,-34.72359174
0.00000000,8,-15.16375414
0.00000000,9,-14.04139363
0.00000000,10,-12.36893267
0.00000000,11,-7.00381325
0.00000000,12,-5.16925096
0.00000000,13,-4.80784268
0.00000000,14,-4.80775864
0.00000000,15,-1.40051434
0.00000000,16,-1.40045135
0.00000000,17,-0.70927207
0.00000000,18,-0.59041250
0.00000000,19,-0.59023780
0.00000000,20,-0.24907267
0.00000000,21,0.77692798
0.00000000,22,0.77701100
0.00000000,23,2.16520988
0.00000000,24,2.16543457
0.00000000,25,2.32304465
0.00000000,26,3.16253756
0.00000000,27,3.16258005
0.00000000,28,4.50052363
0.00000000,29,7.12624995
0.01785714,0,-68.19098934
0.01785714,1,-68.14331223
0.01785714,2,-35.23138501
0.01785714,3,-34.83253351
0.01785714,4,-34.83099326
0.01785714,5,-34.74222849
0.01785714,6,-34.74132224
0.01785714,7,-34.72296584
0.01785714,8,-15.15840740
0.01785714,9,-14.03766150
0.01785714,10,-12.36644890
0.01785714,11,-6.99641081
0.01785714,12,-5.21611965
0.01785714,13,-4.80501249
0.01785714,14,-4.76136596
0.01785714,15,-1.43412076
0.01785714,16,-1.39755129
0.01785714,17,-0.73348263
0.01785714,18,-0.60817288
0.01785714,19,-0.59002452
0.01785714,20,-0.25655044
0.01785714,21,0.77242152
0.01785714,22,0.78828965
0.01785714,23,2.16264255
0.01785714,24,2.17227699
0.01785714,25,2.34876746
0.01785714,26,3.15544964
0.01785714,27,3.16098650
0.01785714,28,4.52219032
0.01785714,29,7.06944012
0.03571429,0,-68.19072005
0.03571429,1,-68.14323605
0.03571429,2,-35.23032400
0.03571429,3,-34.83833094
0.03571429,4,-34.83241458
0.03571429,5,-34.74523127
0.03571429,6,-34.74156567
0.03571429,7,-34.72124069
0.03571429,8,-15.14236149
0.03571429,9,-14.02648997
0.03571429,10,-12.35903847
0.03571429,11,-6.97429377
0.03571429,12,-5.31781378
0.03571429,13,-4.79656210
0.03571429,14,-4.66115971
0.03571429,15,-1.52914488
0.03571429,16,-1.38908672
0.03571429,17,-0.79993302
0.03571429,18,-0.65838697
0.03571429,19,-0.59895022
0.03571429,20,-0.27884917
0.03571429,21,0.76020267
0.03571429,22,0.81818095
0.03571429,23,2.15335690
0.03571429,24,2.19465836
0.03571429,25,2.42570068
0.03571429,26,3.13600445
0.03571429,27,3.15607963
0.03571429,28,4.58560364
0.03571429,29,7.00039978
0.05357143,0,-68.19026791
0.05357143,1,-68.14311413
0.05357143,2,-35.22858618
0.05357143,3,-34.84750870
0.05357143,4,-34.83474981
0.05357143,5,-34.75018400
0.05357143,6,-34.74198335
0.05357143,7,-34.71875742
0.05357143,8,-15.11572861
0.05357143,9,-14.00797710
0.05357143,10,-12.34683291
0.05357143,11,-6.93766917
0.05357143,12,-5.43577082
0.05357143,13,-4.78278890
0.05357143,14,-4.54588341
0.05357143,15,-1.67202536
0.05357143,16,-1.37653659
0.05357143,17,-0.90284159
0.05357143,18,-0.73190090
0.05357143,19,-0.62979314
0.05357143,20,-0.31605376
0.05357143,21,0.74360173
0.05357143,22,0.85712303
0.05357143,23,2.14015497
0.05357143,24,2.23536729
0.05357143,25,2.54659764
0.05357143,26,3.11080750
0.05357143,27,3.14753418
0.05357143,28,4.68619558
0.05357143,29,6.94272313
0.07142857,0,-68.18963457
0.07142857,1,-68.14294026
0.07142857,2,-35.22620879
0.07142857,3,-34.85954057
0.07142857,4,-34.83793568
0.07142857,5,-34.75698342
0.07142857,6,-34.74258368
0.07142857,7,-34.71593878
0.07142857,8,-15.07866324
0.07142857,9,-13.98222547
0.07142857,10,-12.33002760
0.07142857,11,-6.88693085
0.07142857,12,-5.55621552
0.07142857,13,-4.76405552
0.07142857,14,-4.42956301
0.07142857,15,-1.84886723
0.07142857,16,-1.36281449
0.07142857,17,-1.04020044
0.07142857,18,-0.81742608
0.07142857,19,-0.68712351
0.07142857,20,-0.36917811
0.07142857,21,0.72697907
0.07142857,22,0.89481846
0.07142857,23,2.12869425
0.07142857,24,2.29786955
0.07142857,25,2.69073435
0.07142857,26,3.09713921
0.07142857,27,3.13500615
0.07142857,28,4.81698976
0.07142857,29,6.88173618
0.08928571,0,-68.18883211
0.08928571,1,-68.14272794
0.08928571,2,-35.22326478
0.08928571,3,-34.87398421
0.08928571,4,-34.84191611
0.08928571,5,-34.76549388
0.08928571,6,-34.74339207
0.08928571,7,-34.71314497
0.08928571,8,-15.03147972
0.08928571,9,-13.94951530
0.08928571,10,-12.30893124
0.08928571,11,-6.82278669
0.08928571,12,-5.67353949
0.08928571,13,-4.74103977
0.08928571,14,-4.31839523
0.08928571,15,-2.04854935
0.08928571,16,-1.35345811
0.08928571,17,-1.20948796
0.08928571,18,-0.90258021
0.08928571,19,-0.76993223
0.08928571,20,-0.43966097
0.08928571,21,0.71479594
0.08928571,22,0.92406554
0.08928571,23,2.12327539
0.08928571,24,2.38424575
0.08928571,25,2.80705187
0.08928571,26,3.11832357
0.08928571,27,3.14261797
0.08928571,28,4.96936568
0.08928571,29,6.81499613
0.10714286,0,-68.18786679
0.10714286,1,-68.14247773
0.10714286,2,-35.21983172
0.10714286,3,-34.89043900
0.10714286,4,-34.84661174
0.10714286,5,-34.77551828
0.10714286,6,-34.74442572
0.10714286,7,-34.71062956
0.10714286,8,-14.97449825
0.10714286,9,-13.91011297
0.10714286,10,-12.28387750
0.10714286,11,-6.74626535
0.10714286,12,-5.78433323
0.10714286,13,-4.71452512
0.10714286,14,-4.21623937
0.10714286,15,-2.26284501
0.10714286,16,-1.40642219
0.10714286,17,-1.35801405
0.10714286,18,-0.97309319
0.10714286,19,-0.87507267
0.10714286,20,-0.52772348
0.10714286,21,0.71116997
0.10714286,22,0.94240526
0.10714286,23,2.12538831
0.10714286,24,2.49396393
0.10714286,25,2.84236221
0.10714286,26,3.09767440
0.10714286,27,3.29744001
0.10714286,28,5.13352201
0.10714286,29,6.74900733
0.12500000,0,-68.18675076
0.12500000,1,-68.14219794
0.12500000,2,-35.21601787
0.12500000,3,-34.90859255
0.12500000,4,-34.85193591
0.12500000,5,-34.78682866
0.12500000,6,-34.74569776
0.12500000,7,-34.70855981
0.12500000,8,-14.90813215
0.12500000,9,-13.86442320
0.12500000,10,-12.25525562
0.12500000,11,-6.65915156
0.12500000,12,-5.88564712
0.12500000,13,-4.68546703
0.12500000,14,-4.12647260
0.12500000,15,-2.48570848
0.12500000,16,-1.62527708
0.12500000,17,-1.38744123
0.12500000,18,-1.01520177
0.12500000,19,-0.99946867
0.12500000,20,-0.63122370
0.12500000,21,0.71936539
0.12500000,22,0.95167211
0.12500000,23,2.13399111
0.12500000,24,2.62387069
0.12500000,25,2.83477150
0.12500000,26,3.07375698
0.12500000,27,3.52005433
0.12500000,28,5.29832154
0.12500000,29,6.69456015
0.14285714,0,-68.18548957
0.14285714,1,-68.14189532
0.14285714,2,-35.21195335
0.14285714,3,-34.92816067
0.14285714,4,-34.85779781
0.14285714,5,-34.79914942
0.14285714,6,-34.74720291
0.14285714,7,-34.70702966
0.14285714,8,-14.83286316
0.14285714,9,-13.81285313
0.14285714,10,-12.22347361
0.14285714,11,-6.56479397
0.14285714,12,-5.97363592
0.14285714,13,-4.65491271
0.14285714,14,-4.05254570
0.14285714,15,-2.71251068
0.14285714,16,-1.85949685
0.14285714,17,-1.44280834
0.14285714,18,-1.14039714
0.14285714,19,-1.02654888
0.14285714,20,-0.74598232
0.14285714,21,0.74155020
0.14285714,22,0.95641456
0.14285714,23,2.14662521
0.14285714,24,2.76889326
0.14285714,25,2.82117665
0.14285714,26,3.04811419
0.14285714,27,3.76909014
0.14285714,28,5.45112211
0.14285714,29,6.66534034
0.16071429,0,-68.18409325
0.16071429,1,-68.14157640
0.16071429,2,-35.20780041
0.16071429,3,-34.94886591
0.16071429,4,-34.86410898
0.16071429,5,-34.81217016
0.16071429,6,-34.74894508
0.16071429,7,-34.70608450
0.16071429,8,-14.74923749
0.16071429,9,-13.75592446
0.16071429,10,-12.18894211
0.16071429,11,-6.47089133
0.16071429,12,-6.04071749
0.16071429,13,-4.62411033
0.16071429,14,-3.99850990
0.16071429,15,-2.93936811
0.16071429,16,-2.10209301
0.16071429,17,-1.51279555
0.16071429,18,-1.29466571
0.16071429,19,-1.01828653
0.16071429,20,-0.86721932
0.16071429,21,0.77887545
0.16071429,22,0.96229046
0.16071429,23,2.16053987
0.16071429,24,2.81271469
0.16071429,25,2.91919291
0.16071429,26,3.02701159
0.16071429,27,4.02727001
0.16071429,28,5.57952994
0.16071429,29,6.67509200
0.17857143,0,-68.18258150
0.17857143,1,-68.14124918
0.17857143,2,-35.20374679
0.17857143,3,-34.97044657
0.17857143,4,-34.87077621
0.17857143,5,-34.82556525
0.17857143,6,-34.75090912
0.17857143,7,-34.70576584
0.17857143,8,-14.65791370
0.17857143,9,-13.69427891
0.17857143,10,-12.15204273
0.17857143,11,-6.39686577
0.17857143,12,-6.06829036
0.17857143,13,-4.59431918
0.17857143,14,-3.96981340
0.17857143,15,-3.16244505
0.17857143,16,-2.34566612
0.17857143,17,-1.58555009
0.17857143,18,-1.45795332
0.17857143,19,-1.00282131
0.17857143,20,-0.99097133
0.17857143,21,0.83175049
0.17857143,22,0.97493376
0.17857143,23,2.17344716
0.17857143,24,2.81174702
0.17857143,25,2.97779860
0.17857143,26,3.10441173
0.17857143,27,4.28406637
0.17857143,28,5.67745181
0.17857143,29,6.73035349
0.19642857,0,-68.18096565
0.19642857,1,-68.14092039
0.19642857,2,-35.20001724
0.19642857,3,-34.99263350
0.19642857,4,-34.87770469
0.19642857,5,-34.83895899
0.19642857,6,-34.75307746
0.19642857,7,-34.70606814
0.19642857,8,-14.55958322
0.19642857,9,-13.62863283
0.19642857,10,-12.11308492
0.19642857,11,-6.37206495
0.19642857,12,-6.02861054
0.19642857,13,-4.56680585
0.19642857,14,-3.97407135
0.19642857,15,-3.37705554
0.19642857,16,-2.58211330
0.19642857,17,-1.65370591
0.19642857,18,-1.62454714
0.19642857,19,-1.11464867
0.19642857,20,-0.98838930
0.19642857,21,0.90013821
0.19642857,22,0.99922730
0.19642857,23,2.18387958
0.19642857,24,2.81755470
0.19642857,25,2.95708714
0.19642857,26,3.26564444
0.19642857,27,4.52996502
0.19642857,28,5.75166925
0.19642857,29,6.82297920
0.21428571,0,-68.17926266
0.21428571,1,-68.14060334
0.21428571,2,-35.19687571
0.21428571,3,-35.01514017
0.21428571,4,-34.88481382
0.21428571,5,-34.85196540
0.21428571,6,-34.75542539
0.21428571,7,-34.70699113
0.21428571,8,-14.45506136
0.21428571,9,-13.55985401
0.21428571,10,-12.07228462
0.21428571,11,-6.39046635
0.21428571,12,-5.93035136
0.21428571,13,-4.54281558
0.21428571,14,-4.02151155
0.21428571,15,-3.57706907
0.21428571,16,-2.80245873
0.21428571,17,-1.78806829
0.21428571,18,-1.71318556
0.21428571,19,-1.23678619
0.21428571,20,-0.97985285
0.21428571,21,0.98365093
0.21428571,22,1.03882243
0.21428571,23,2.19117095
0.21428571,24,2.82827003
0.21428571,25,2.93555119
0.21428571,26,3.43056477
0.21428571,27,4.75464858
0.21428571,28,5.81959810
0.21428571,29,7.17640613
0.23214286,0,-68.17748764
0.23214286,1,-68.14030770
0.23214286,2,-35.19461419
0.23214286,3,-35.03766241
0.23214286,4,-34.89201567
0.23214286,5,-34.86417395
0.23214286,6,-34.75792513
0.23214286,7,-34.70851908
0.23214286,8,-14.34522994
0.23214286,9,-13.48890076
0.23214286,10,-12.02974023
0.23214286,11,-6.42408618
0.23214286,12,-5.80556040
0.23214286,13,-4.52336328
0.23214286,14,-4.12049924
0.23214286,15,-3.75755334
0.23214286,16,-2.99783106
0.23214286,17,-1.94216757
0.23214286,18,-1.76179887
0.23214286,19,-1.35652920
0.23214286,20,-0.97978233
0.23214286,21,1.08159014
0.23214286,22,1.09583701
0.23214286,23,2.19537805
0.23214286,24,2.84193473
0.23214286,25,2.91852387
0.23214286,26,3.59270004
0.23214286,27,4.94734906
0.23214286,28,5.89664423
0.23214286,29,7.14878130
0.25000000,0,-68.17565930
0.25000000,1,-68.14003798
0.25000000,2,-35.19354817
0.25000000,3,-35.05985648
0.25000000,4,-34.89921317
0.25000000,5,-34.87519414
0.25000000,6,-34.76053734
0.25000000,7,-34.71063294
0.25000000,8,-14.23107784
0.25000000,9,-13.41684202
0.25000000,10,-11.98540146
0.25000000,11,-6.46031042
0.25000000,12,-5.67285194
0.25000000,13,-4.50913281
0.25000000,14,-4.26558539
0.25000000,15,-3.92232968
0.25000000,16,-3.16284992
0.25000000,17,-2.08141073
0.25000000,18,-1.79854158
0.25000000,19,-1.47323373
0.25000000,20,-0.98902670
0.25000000,21,1.17075763
0.25000000,22,1.19283286
0.25000000,23,2.19725834
0.25000000,24,2.85703791
0.25000000,25,2.90811170
0.25000000,26,3.74918051
0.25000000,27,5.09982555
0.25000000,28,5.98935169
0.25000000,29,7.10925177
0.26785714,0,-68.17379516
0.26785714,1,-68.13980496
0.26785714,2,-35.19400815
0.26785714,3,-35.08135254
0.26785714,4,-34.90633294
0.26785714,5,-34.88466194
0.26785714,6,-34.76322202
0.26785714,7,-34.71330629
0.26785714,8,-14.11368934
0.26785714,9,-13.34490127
0.26785714,10,-11.93908787
0.26785714,11,-6.49664412
0.26785714,12,-5.54363631
0.26785714,13,-4.50054275
0.26785714,14,-4.43711538
0.26785714,15,-4.07914853
0.26785714,16,-3.29913692
0.26785714,17,-2.20200523
0.26785714,18,-1.82327843
0.26785714,19,-1.58624811
0.26785714,20,-1.00715473
0.26785714,21,1.26257245
0.26785714,22,1.31569868
0.26785714,23,2.19833206
0.26785714,24,2.87274437
0.26785714,25,2.90586822
0.26785714,26,3.89791138
0.26785714,27,5.20918578
0.26785714,28,6.08801651
0.26785714,29,7.05722856
0.28571429,0,-68.17191162
0.28571429,1,-68.13961261
0.28571429,2,-35.19630238
0.28571429,3,-35.10173911
0.28571429,4,-34.91328140
0.28571429,5,-34.89228320
0.28571429,6,-34.76593239
0.28571429,7,-34.71650486
0.28571429,8,-13.99425281
0.28571429,9,-13.27435466
0.28571429,10,-11.89050708
0.28571429,11,-6.53467225
0.28571429,12,-5.42918565
0.28571429,13,-4.61784267
0.28571429,14,-4.49751090
0.28571429,15,-4.22331865
0.28571429,16,-3.41339721
0.28571429,17,-2.30244056
0.28571429,18,-1.83656679
0.28571429,19,-1.69479535
0.28571429,20,-1.03287095
0.28571429,21,1.36910950
0.28571429,22,1.44757815
0.28571429,23,2.20110396
0.28571429,24,2.88903613
0.28571429,25,2.91301163
0.28571429,26,4.03728150
0.28571429,27,5.27493957
0.28571429,28,6.16710750
0.28571429,29,6.99274493
0.30357143,0,-68.17003112
0.30357143,1,-68.13947026
0.30357143,2,-35.20069367
0.30357143,3,-35.12057315
0.30357143,4,-34.91999044
0.30357143,5,-34.89787377
0.30357143,6,-34.76863024
0.30357143,7,-34.72019214
0.30357143,8,-13.87410497
0.30357143,9,-13.20657331
0.30357143,10,-11.83934770
0.30357143,11,-6.57796861
0.30357143,12,-5.34305941
0.30357143,13,-4.79923449
0.30357143,14,-4.49970299
0.30357143,15,-4.33699292
0.30357143,16,-3.51143402
0.30357143,17,-2.38353698
0.30357143,18,-1.83951841
0.30357143,19,-1.79794412
0.30357143,20,-1.06444897
0.30357143,21,1.48739637
0.30357143,22,1.58423695
0.30357143,23,2.20955807
0.30357143,24,2.90667389
0.30357143,25,2.93037229
0.30357143,26,4.16606514
0.30357143,27,5.29228244
0.30357143,28,6.20105588
0.30357143,29,6.91633289
0.32142857,0,-68.16817491
0.32142857,1,-68.13938635
0.32142857,2,-35.20730220
0.32142857,3,-35.13746416
0.32142857,4,-34.92638393
0.32142857,5,-34.90138104
0.32142857,6,-34.77127220
0.32142857,7,-34.72431630
0.32142857,8,-13.75473002
0.32142857,9,-13.14288788
0.32142857,10,-11.78536864
0.32142857,11,-6.63093670
0.32142857,12,-5.29720104
0.32142857,13,-4.97843438
0.32142857,14,-4.50640461
0.32142857,15,-4.40118215
0.32142857,16,-3.59470366
0.32142857,17,-2.44775973
0.32142857,18,-1.89462349
0.32142857,19,-1.83364448
0.32142857,20,-1.10003511
0.32142857,21,1.61400147
0.32142857,22,1.71833330
0.32142857,23,2.23032212
0.32142857,24,2.92720362
0.32142857,25,2.95831858
0.32142857,26,4.28340124
0.32142857,27,5.25307607
0.32142857,28,6.19118047
0.32142857,29,6.82921097
0.33928571,0,-68.16635815
0.33928571,1,-68.13935701
0.33928571,2,-35.21596714
0.33928571,3,-35.15213909
0.33928571,4,-34.93238931
0.33928571,5,-34.90288420
0.33928571,6,-34.77381201
0.33928571,7,-34.72881004
0.33928571,8,-13.63764308
0.33928571,9,-13.08449051
0.33928571,10,-11.72854354
0.33928571,11,-6.69731471
0.33928571,12,-5.29071293
0.33928571,13,-5.15367174
0.33928571,14,-4.51665413
0.33928571,15,-4.41339741
0.33928571,16,-3.66059345
0.33928571,17,-2.49814893
0.33928571,18,-1.98369791
0.33928571,19,-1.82069654
0.33928571,20,-1.13786256
0.33928571,21,1.74526906
0.33928571,22,1.83751742
0.33928571,23,2.27430333
0.33928571,24,2.95296028
0.33928571,25,2.99662326
0.33928571,26,4.38875606
0.33928571,27,5.15883152
0.33928571,28,6.16138245
0.33928571,29,6.73327386
0.35714286,0,-68.16461191
0.35714286,1,-68.13938949
0.35714286,2,-35.22618999
0.35714286,3,-35.16464823
0.35714286,4,-34.93794938
0.35714286,5,-34.90261159
0.35714286,6,-34.77621430
0.35714286,7,-34.73359935
0.35714286,8,-13.52458031
0.35714286,9,-13.03248335
0.35714286,10,-11.66923572
0.35714286,11,-6.77877688
0.35714286,12,-5.32998703
0.35714286,13,-5.29869209
0.35714286,14,-4.52944939
0.35714286,15,-4.39354121
0.35714286,16,-3.70456598
0.35714286,17,-2.53733139
0.35714286,18,-2.06419694
0.35714286,19,-1.80253475
0.35714286,20,-1.17637770
0.35714286,21,1.87747122
0.35714286,22,1.92719293
0.35714286,23,2.35329254
0.35714286,24,2.98696747
0.35714286,25,3.04432484
0.35714286,26,4.48187546
0.35714286,27,5.02732772
0.35714286,28,6.10724071
0.35714286,29,6.63101503
0.37500000,0,-68.16295354
0.37500000,1,-68.13947687
0.37500000,2,-35.23717287
0.37500000,3,-35.17524712
0.37500000,4,-34.94300043
0.37500000,5,-34.90086256
0.37500000,6,-34.77843442
0.37500000,7,-34.73857366
0.37500000,8,-13.41728249
0.37500000,9,-12.98760028
0.37500000,10,-11.60832146
0.37500000,11,-6.87351050
0.37500000,12,-5.48541289
0.37500000,13,-5.32078895
0.37500000,14,-4.54365587
0.37500000,15,-4.36691443
0.37500000,16,-3.72344481
0.37500000,17,-2.56672244
0.37500000,18,-2.13554525
0.37500000,19,-1.78097184
0.37500000,20,-1.21423041
0.37500000,21,1.98378174
0.37500000,22,2.00691361
0.37500000,23,2.46653329
0.37500000,24,3.03279746
0.37500000,25,3.09960756
0.37500000,26,4.56276105
0.37500000,27,4.88184940
0.37500000,28,6.02368962
0.37500000,29,6.52563365
0.39285714,0,-68.16140860
0.39285714,1,-68.13961752
0.39285714,2,-35.24808228
0.39285714,3,-35.18425277
0.39285714,4,-34.94749250
0.39285714,5,-34.89801972
0.39285714,6,-34.78043448
0.39285714,7,-34.74359673
0.39285714,8,-13.31759509
0.39285714,9,-12.95035256
0.39285714,10,-11.54729208
0.39285714,11,-6.97657657
0.39285714,12,-5.63174992
0.39285714,13,-5.33201492
0.39285714,14,-4.55823298
0.39285714,15,-4.34831537
0.39285714,16,-3.71964277
0.39285714,17,-2.58634795
0.39285714,18,-2.19789562
0.39285714,19,-1.75770694
0.39285714,20,-1.25028006
0.39285714,21,2.01747372
0.39285714,22,2.12997124
0.39285714,23,2.59767100
0.39285714,24,3.09383982
0.39285714,25,3.15973804
0.39285714,26,4.63160470
0.39285714,27,4.74130589
0.39285714,28,6.01953284
0.39285714,29,6.42085625
0.41071429,0,-68.16001296
0.41071429,1,-68.13979327
0.41071429,2,-35.25821639
0.41071429,3,-35.19186026
0.41071429,4,-34.95137502
0.41071429,5,-34.89449576
0.41071429,6,-34.78218984
0.41071429,7,-34.74850600
0.41071429,8,-13.22733477
0.41071429,9,-12.92100609
0.41071429,10,-11.48826935
0.41071429,11,-7.08098416
0.41071429,12,-5.76167454
0.41071429,13,-5.33478360
0.41071429,14,-4.57223946
0.41071429,15,-4.33985630
0.41071429,16,-3.70211239
0.41071429,17,-2.59516718
0.41071429,18,-2.25225328
0.41071429,19,-1.73430277
0.41071429,20,-1.28353404
0.41071429,21,2.03871867
0.41071429,22,2.24308071
0.41071429,23,2.72932126
0.41071429,24,3.17122626
0.41071429,25,3.22113872
0.41071429,26,4.61720032
0.41071429,27,4.68874303
0.41071429,28,5.56358417
0.41071429,29,6.57698107
0.42857143,0,-68.15879407
0.42857143,1,-68.13998893
0.42857143,2,-35.26705075
0.42857143,3,-35.19815007
0.42857143,4,-34.95460649
0.42857143,5,-34.89072627
0.42857143,6,-34.78365985
0.42857143,7,-34.75309436
0.42857143,8,-13.14825509
0.42857143,9,-12.89956643
0.42857143,10,-11.43390458
0.42857143,11,-7.17911615
0.42857143,12,-5.87216656
0.42857143,13,-5.33152281
0.42857143,14,-4.58480753
0.42857143,15,-4.33725418
0.42857143,16,-3.68166020
0.42857143,17,-2.59212204
0.42857143,18,-2.30026811
0.42857143,19,-1.71218277
0.42857143,20,-1.31304787
0.42857143,21,2.05309091
0.42857143,22,2.34270340
0.42857143,23,2.85049361
0.42857143,24,3.26000486
0.42857143,25,3.27962239
0.42857143,26,4.52306088
0.42857143,27,4.73459717
0.42857143,28,5.38668884
0.42857143,29,6.61799572
0.44642857,0,-68.15779247
0.44642857,1,-68.14018614
0.44642857,2,-35.27423775
0.44642857,3,-35.20312435
0.44642857,4,-34.95715648
0.44642857,5,-34.88715518
0.44642857,6,-34.78483336
0.44642857,7,-34.75710728
0.44642857,8,-13.08211828
0.44642857,9,-12.88586771
0.44642857,10,-11.38718887
0.44642857,11,-7.26390423
0.44642857,12,-5.96078123
0.44642857,13,-5.32548248
0.44642857,14,-4.59531125
0.44642857,15,-4.33623177
0.44642857,16,-3.66561568
0.44642857,17,-2.57743845
0.44642857,18,-2.34377903
0.44642857,19,-1.69272590
0.44642857,20,-1.33787141
0.44642857,21,2.06302376
0.44642857,22,2.42529933
0.44642857,23,2.95615892
0.44642857,24,3.33081409
0.44642857,25,3.34662615
0.44642857,26,4.46796609
0.44642857,27,4.76962395
0.44642857,28,5.20766606
0.44642857,29,6.07328366
0.46428571,0,-68.15703879
0.46428571,1,-68.14035460
0.46428571,2,-35.27951754
0.46428571,3,-35.20672765
0.46428571,4,-34.95899572
0.46428571,5,-34.88420820
0.46428571,6,-34.78568415
0.46428571,7,-34.76026222
0.46428571,8,-13.03079879
0.46428571,9,-12.87919530
0.46428571,10,-11.35110612
0.46428571,11,-7.32922127
0.46428571,12,-6.02555149
0.46428571,13,-5.31939634
0.46428571,14,-4.60317936
0.46428571,15,-4.33486424
0.46428571,16,-3.65620257
0.46428571,17,-2.55342444
0.46428571,18,-2.38395103
0.46428571,19,-1.67730831
0.46428571,20,-1.35691130
0.46428571,21,2.06962378
0.46428571,22,2.48745039
0.46428571,23,3.04272541
0.46428571,24,3.37066821
0.46428571,25,3.41358489
0.46428571,26,4.45923426
0.46428571,27,4.79426565
0.46428571,28,5.03940442
0.46428571,29,5.90601967
0.48214286,0,-68.15657112
0.48214286,1,-68.14047087
0.48214286,2,-35.28274875
0.48214286,3,-35.20891718
0.48214286,4,-34.96011014
0.48214286,5,-34.88226014
0.48214286,6,-34.78620009
0.48214286,7,-34.76229343
0.48214286,8,-12.99702845
0.48214286,9,-12.87781307
0.48214286,10,-11.32826042
0.48214286,11,-7.37041137
0.48214286,12,-6.06501973
0.48214286,13,-5.31511165
0.48214286,14,-4.60806352
0.48214286,15,-4.33338060
0.48214286,16,-3.65210860
0.48214286,17,-2.52545468
0.48214286,18,-2.41948499
0.48214286,19,-1.66730168
0.48214286,20,-1.36902429
0.48214286,21,2.07339710
0.48214286,22,2.52615940
0.48214286,23,3.10267190
0.48214286,24,3.39595433
0.48214286,25,3.45082304
0.48214286,26,4.48969122
0.48214286,27,4.80888642
0.48214286,28,4.90164826
0.48214286,29,5.81835623
0.50000000,0,-68.15640986
0.50000000,1,-68.14050755
0.50000000,2,-35.28382990
0.50000000,3,-35.20964184
0.50000000,4,-34.96047741
0.50000000,5,-34.88157310
0.50000000,6,-34.78637306
0.50000000,7,-34.76299255
0.50000000,8,-12.98486849
0.50000000,9,-12.87813168
0.50000000,10,-11.32042873
0.50000000,11,-7.38446709
0.50000000,12,-6.07827648
0.50000000,13,-5.31357887
0.50000000,14,-4.60970408
0.50000000,15,-4.33267854
0.50000000,16,-3.65108159
0.50000000,17,-2.50900993
0.50000000,18,-2.43802775
0.50000000,19,-1.66381744
0.50000000,20,-1.37318775
0.50000000,21,2.07464738
0.50000000,22,2.53931849
0.50000000,23,3.12473764
0.50000000,24,3.40461801
0.50000000,25,3.46162824
0.50000000,26,4.51565068
0.50000000,27,4.81373248
0.50000000,28,4.84034647
0.50000000,29,5.78851113
0.52329237,0,-68.15635635
0.52329237,1,-68.14052321
0.52329237,2,-35.28327295
0.52329237,3,-35.20921698
0.52329237,4,-34.96189706
0.52329237,5,-34.88156541
0.52329237,6,-34.78705851
0.52329237,7,-34.76279454
0.52329237,8,-12.98235124
0.52329237,9,-12.87501832
0.52329237,10,-11.32121443
0.52329237,11,-7.37691388
0.52329237,12,-6.07847793
0.52329237,13,-5.30859888
0.52329237,14,-4.60805508
0.52329237,15,-4.33468495
0.52329237,16,-3.64962329
0.52329237,17,-2.52884861
0.52329237,18,-2.45018421
0.52329237,19,-1.68062398
0.52329237,20,-1.37028698
0.52329237,21,2.09841830
0.52329237,22,2.52313895
0.52329237,23,3.10185915
0.52329237,24,3.40628883
0.52329237,25,3.46608890
0.52329237,26,4.53491083
0.52329237,27,4.80104289
0.52329237,28,4.85560184
0.52329237,29,6.08965823
0.54658475,0,-68.15619446
0.54658475,1,-68.14056416
0.54658475,2,-35.28159490
0.54658475,3,-35.20793744
0.54658475,4,-34.96608590
0.54658475,5,-34.88157489
0.54658475,6,-34.78905914
0.54658475,7,-34.76224557
0.54658475,8,-12.97479012
0.54658475,9,-12.86576688
0.54658475,10,-11.32354518
0.54658475,11,-7.35432169
0.54658475,12,-6.07889833
0.54658475,13,-5.29371139
0.54658475,14,-4.60340808
0.54658475,15,-4.34065703
0.54658475,16,-3.64552911
0.54658475,17,-2.58780673
0.54658475,18,-2.48676049
0.54658475,19,-1.72834441
0.54658475,20,-1.36007831
0.54658475,21,2.16544479
0.54658475,22,2.47638236
0.54658475,23,3.03710948
0.54658475,24,3.41426562
0.54658475,25,3.47650573
0.54658475,26,4.57634749
0.54658475,27,4.77752788
0.54658475,28,4.89812351
0.54658475,29,5.80033357
0.56987712,0,-68.15593081
0.56987712,1,-68.14063864
0.56987712,2,-35.27881229
0.56987712,3,-35.20583357
0.56987712,4,-34.97289247
0.56987712,5,-34.88171207
0.56987712,6,-34.79221213
0.56987712,7,-34.76146077
0.56987712,8,-12.96238957
0.56987712,9,-12.85068176
0.56987712,10,-11.32739302
0.56987712,11,-7.31698285
0.56987712,12,-6.07902273
0.56987712,13,-5.26912684
0.56987712,14,-4.59684543
0.56987712,15,-4.35068498
0.56987712,16,-3.63972139
0.56987712,17,-2.68350896
0.56987712,18,-2.54782673
0.56987712,19,-1.80004906
0.56987712,20,-1.33901970
0.56987712,21,2.26340196
0.56987712,22,2.40313579
0.56987712,23,2.93989586
0.56987712,24,3.43599030
0.56987712,25,3.48620177
0.56987712,26,4.57725460
0.56987712,27,4.80302137
0.56987712,28,4.96757488
0.56987712,29,5.64391177
0.59316950,0,-68.15556696
0.59316950,1,-68.14074475
0.59316950,2,-35.27494819
0.59316950,3,-35.20295099
0.59316950,4,-34.98204433
0.59316950,5,-34.88216887
0.59316950,6,-34.79620057
0.59316950,7,-34.76059949
0.59316950,8,-12.94536218
0.59316950,9,-12.83022007
0.59316950,10,-11.33266679
0.59316950,11,-7.26536601
0.59316950,12,-6.07807069
0.59316950,13,-5.23520918
0.59316950,14,-4.58996270
0.59316950,15,-4.36484618
0.59316950,16,-3.63407518
0.59316950,17,-2.81028548
0.59316950,18,-2.63253053
0.59316950,19,-1.88733257
0.59316950,20,-1.30334794
0.59316950,21,2.30769339
0.59316950,22,2.37382474
0.59316950,23,2.82036738
0.59316950,24,3.48179666
0.59316950,25,3.48908559
0.59316950,26,4.51274129
0.59316950,27,4.90226268
0.59316950,28,5.06115938
0.59316950,29,5.54182026
0.61646187,0,-68.15510319
0.61646187,1,-68.14088291
0.61646187,2,-35.27002906
0.61646187,3,-35.19935098
0.61646187,4,-34.99323538
0.61646187,5,-34.88322515
0.61646187,6,-34.80057796
0.61646187,7,-34.75982853
0.61646187,8,-12.92400697
0.61646187,9,-12.80504318
0.61646187,10,-11.33921786
0.61646187,11,-7.20011190
0.61646187,12,-6.07510728
0.61646187,13,-5.19252819
0.61646187,14,-4.58529884
0.61646187,15,-4.38320056
0.61646187,16,-3.63229343
0.61646187,17,-2.95785939
0.61646187,18,-2.73807698
0.61646187,19,-1.98308487
0.61646187,20,-1.25044900
0.61646187,21,2.19345750
0.61646187,22,2.47582252
0.61646187,23,2.68645934
0.61646187,24,3.48259132
0.61646187,25,3.56170594
0.61646187,26,4.42885751
0.61646187,27,5.03358947
0.61646187,28,5.17303823
0.61646187,29,5.45917136
0.63975425,0,-68.15454701
0.63975425,1,-68.14105920
0.63975425,2,-35.26408773
0.63975425,3,-35.19511622
0.63975425,4,-35.00614117
0.63975425,5,-34.88524337
0.63975425,6,-34.80479020
0.63975425,7,-34.75931884
0.63975425,8,-12.89878161
0.63975425,9,-12.77602314
0.63975425,10,-11.34683543
0.63975425,11,-7.12208570
0.63975425,12,-6.06917756
0.63975425,13,-5.14195753
0.63975425,14,-4.58665899
0.63975425,15,-4.40584868
0.63975425,16,-3.64218591
0.63975425,17,-3.10939087
0.63975425,18,-2.85935195
0.63975425,19,-2.08294491
0.63975425,20,-1.17896021
0.63975425,21,2.06304460
0.63975425,22,2.52809731
0.63975425,23,2.56907202
0.63975425,24,3.46788491
0.63975425,25,3.67473734
0.63975425,26,4.35681223
0.63975425,27,5.17783139
0.63975425,28,5.27101784
0.63975425,29,5.41606120
0.66304662,0,-68.15390915
0.66304662,1,-68.14128128
0.66304662,2,-35.25717149
0.66304662,3,-35.19036205
0.66304662,4,-35.02043901
0.66304662,5,-34.88858786
0.66304662,6,-34.80824049
0.66304662,7,-34.75921016
0.66304662,8,-12.87021014
0.66304662,9,-12.74430721
0.66304662,10,-11.35520988
0.66304662,11,-7.03237407
0.66304662,12,-6.05944123
0.66304662,13,-5.08482431
0.66304662,14,-4.59962203
0.66304662,15,-4.43268063
0.66304662,16,-3.67926250
0.66304662,17,-3.23825379
0.66304662,18,-2.98949910
0.66304662,19,-2.18503798
0.66304662,20,-1.08838388
0.66304662,21,1.91887692
0.66304662,22,2.38452021
0.66304662,23,2.61413967
0.66304662,24,3.44819634
0.66304662,25,3.78996915
0.66304662,26,4.33523983
0.66304662,27,5.25082959
0.66304662,28,5.32733678
0.66304662,29,5.51234252
0.68633900,0,-68.15319755
0.68633900,1,-68.14155120
0.68633900,2,-35.24933469
0.68633900,3,-35.18522250
0.68633900,4,-35.03579388
0.68633900,5,-34.89347622
0.68633900,6,-34.81042316
0.68633900,7,-34.75961083
0.68633900,8,-12.83892904
0.68633900,9,-12.71116470
0.68633900,10,-11.36391797
0.68633900,11,-6.93231073
0.68633900,12,-6.04530088
0.68633900,13,-5.02322531
0.68633900,14,-4.63187576
0.68633900,15,-4.46306960
0.68633900,16,-3.75896323
0.68633900,17,-3.31580256
0.68633900,18,-3.12098660
0.68633900,19,-2.28881432
0.68633900,20,-0.97863455
0.68633900,21,1.76372956
0.68633900,22,2.22461570
0.68633900,23,2.65106370
0.68633900,24,3.42678780
0.68633900,25,3.84501638
0.68633900,26,4.42093045
0.68633900,27,5.18320590
0.68633900,28,5.47779300
0.68633900,29,5.67271379
0.70963137,0,-68.15242289
0.70963137,1,-68.14187631
0.70963137,2,-35.24064300
0.70963137,3,-35.17986770
0.70963137,4,-35.05189263
0.70963137,5,-34.89984092
0.70963137,6,-34.81107398
0.70963137,7,-34.76060068
0.70963137,8,-12.80564011
0.70963137,9,-12.67815268
0.70963137,10,-11.37243907
0.70963137,11,-6.82348595
0.70963137,12,-6.02657688
0.70963137,13,-4.96067672
0.70963137,14,-4.69270573
0.70963137,15,-4.49509849
0.70963137,16,-3.86745560
0.70963137,17,-3.34141141
0.70963137,18,-3.24665906
0.70963137,19,-2.39398446
0.70963137,20,-0.84997481
0.70963137,21,1.60097053
0.70963137,22,2.05819797
0.70963137,23,2.68148641
0.70963137,24,3.40556148
0.70963137,25,3.82888144
0.70963137,26,4.61450775
0.70963137,27,5.11258946
0.70963137,28,5.62613909
0.70963137,29,5.85039774
0.73292375,0,-68.15159298
0.73292375,1,-68.14225881
0.73292375,2,-35.23115928
0.73292375,3,-35.17449827
0.73292375,4,-35.06840982
0.73292375,5,-34.90729337
0.73292375,6,-34.81020736
0.73292375,7,-34.76222787
0.73292375,8,-12.77112445
0.73292375,9,-12.64693344
0.73292375,10,-11.38018062
0.73292375,11,-6.70780559
0.73292375,12,-6.00372372
0.73292375,13,-4.90346938
0.73292375,14,-4.78866724
0.73292375,15,-4.52387366
0.73292375,16,-3.97261692
0.73292375,17,-3.36037605
0.73292375,18,-3.33548110
0.73292375,19,-2.49989607
0.73292375,20,-0.70305827
0.73292375,21,1.43464905
0.73292375,22,1.88690094
0.73292375,23,2.71368490
0.73292375,24,3.38451037
0.73292375,25,3.78401829
0.73292375,26,4.86307527
0.73292375,27,5.04510891
0.73292375,28,5.76985203
0.73292375,29,6.03688987
0.75621612,0,-68.15071991
0.75621612,1,-68.14270429
0.75621612,2,-35.22095729
0.75621612,3,-35.16934483
0.75621612,4,-35.08505042
0.75621612,5,-34.91523548
0.75621612,6,-34.80802240
0.75621612,7,-34.76451737
0.75621612,8,-12.73627552
0.75621612,9,-12.61931459
0.75621612,10,-11.38655656
0.75621612,11,-6.58756631
0.75621612,12,-5.97824142
0.75621612,13,-4.91673784
0.75621612,14,-4.86258874
0.75621612,15,-4.53921927
0.75621612,16,-4.05799156
0.75621612,17,-3.45746116
0.75621612,18,-3.31192608
0.75621612,19,-2.60536480
0.75621612,20,-0.53925181
0.75621612,21,1.26952944
0.75621612,22,1.71266282
0.75621612,23,2.75325541
0.75621612,24,3.36179342
0.75621612,25,3.73514124
0.75621612,26,4.98362546
0.75621612,27,5.13240797
0.75621612,28,5.90655394
0.75621612,29,6.23119797
0.77950850,0,-68.14981425
0.77950850,1,-68.14322378
0.77950850,2,-35.21012827
0.77950850,3,-35.16467916
0.77950850,4,-35.10152696
0.77950850,5,-34.92297596
0.77950850,6,-34.80477248
0.77950850,7,-34.76747430
0.77950850,8,-12.70204549
0.77950850,9,-12.59715022
0.77950850,10,-11.39110113
0.77950850,11,-6.46562196
0.77950850,12,-5.95341852
0.77950850,13,-5.06275342
0.77950850,14,-4.85035506
0.77950850,15,-4.52858679
0.77950850,16,-4.12485033
0.77950850,17,-3.53501759
0.77950850,18,-3.27671688
0.77950850,19,-2.70868207
0.77950850,20,-0.36131842
0.77950850,21,1.11155129
0.77950850,22,1.53791949
0.77950850,23,2.80327572
0.77950850,24,3.33419208
0.77950850,25,3.69110702
0.77950850,26,4.93076276
0.77950850,27,5.40461619
0.77950850,28,6.03370684
0.77950850,29,6.43151217
0.80280087,0,-68.14889111
0.80280087,1,-68.14382105
0.80280087,2,-35.19877810
0.80280087,3,-35.16076592
0.80280087,4,-35.11754573
0.80280087,5,-34.92984118
0.80280087,6,-34.80070246
0.80280087,7,-34.77108585
0.80280087,8,-12.66946176
0.80280087,9,-12.58214157
0.80280087,10,-11.39359819
0.80280087,11,-6.34541474
0.80280087,12,-5.93584259
0.80280087,13,-5.20659519
0.80280087,14,-4.86564330
0.80280087,15,-4.49146768
0.80280087,16,-4.18087866
0.80280087,17,-3.59204992
0.80280087,18,-3.23237539
0.80280087,19,-2.80775966
0.80280087,20,-0.17520438
0.80280087,21,0.96938003
0.80280087,22,1.36554899
0.80280087,23,2.86483209
0.80280087,24,3.29782955
0.80280087,25,3.65503353
0.80280087,26,4.88896014
0.80280087,27,5.66709113
0.80280087,28,6.14857249
0.80280087,29,6.59770576
0.82609325,0,-68.14795922
0.82609325,1,-68.14449930
0.82609325,2,-35.18705372
0.82609325,3,-35.15783895
0.82609325,4,-35.13277522
0.82609325,5,-34.93522572
0.82609325,6,-34.79601877
0.82609325,7,-34.77532441
0.82609325,8,-12.63956056
0.82609325,9,-12.57569435
0.82609325,10,-11.39423930
0.82609325,11,-6.23109272
0.82609325,12,-5.93721021
0.82609325,13,-5.32558586
0.82609325,14,-4.89279125
0.82609325,15,-4.44032436
0.82609325,16,-4.23260939
0.82609325,17,-3.62927627
0.82609325,18,-3.18024017
0.82609325,19,-2.90027335
0.82609325,20,0.00486464
0.82609325,21,0.85935009
0.82609325,22,1.19869222
0.82609325,23,2.93739170
0.82609325,24,3.24905873
0.82609325,25,3.62809451
0.82609325,26,4.85989274
0.82609325,27,5.90587454
0.82609325,28,6.24948161
0.82609325,29,6.65683412
0.84938562,0,-68.14703029
0.84938562,1,-68.14526417
0.84938562,2,-35.17534973
0.84938562,3,-35.15606102
0.84938562,4,-35.14668592
0.84938562,5,-34.93865486
0.84938562,6,-34.79088147
0.84938562,7,-34.78013861
0.84938562,8,-12.61343908
0.84938562,9,-12.57883085
0.84938562,10,-11.39371585
0.84938562,11,-6.12744188
0.84938562,12,-5.97126881
0.84938562,13,-5.39852375
0.84938562,14,-4.91627976
0.84938562,15,-4.38614282
0.84938562,16,-4.28348672
0.84938562,17,-3.64898378
0.84938562,18,-3.12137625
0.84938562,19,-2.98394626
0.84938562,20,0.14408727
0.84938562,21,0.81763923
0.84938562,22,1.04055433
0.84938562,23,3.01891076
0.84938562,24,3.18530626
0.84938562,25,3.61099515
0.84938562,26,4.84379333
0.84938562,27,6.09176273
0.84938562,28,6.34521681
0.84938562,29,6.59730287
0.87267800,0,-68.14611958
0.87267800,1,-68.14611469
0.87267800,2,-35.16734863
0.87267800,3,-35.15547073
0.87267800,4,-35.15546078
0.87267800,5,-34.93982801
0.87267800,6,-34.78546888
0.87267800,7,-34.78543004
0.87267800,8,-12.59215735
0.87267800,9,-12.59213885
0.87267800,10,-11.39320986
0.87267800,11,-6.03901888
0.87267800,12,-6.03901008
0.87267800,13,-5.42004379
0.87267800,14,-4.92560126
0.87267800,15,-4.33421794
0.87267800,16,-4.33414490
0.87267800,17,-3.65465485
0.87267800,18,-3.05683481
0.87267800,19,-3.05682383
0.87267800,20,0.19301831
0.87267800,21,0.89422324
0.87267800,22,0.89424425
0.87267800,23,3.10560215
0.87267800,24,3.10564714
0.87267800,25,3.60486457
0.87267800,26,4.83906881
0.87267800,27,6.16232215
0.87267800,28,6.47133910
0.87267800,29,6.47135008
0.88614670,0,-68.14698356
0.88614670,1,-68.14530517
0.88614670,2,-35.17397401
0.88614670,3,-35.15584199
0.88614670,4,-35.14823168
0.88614670,5,-34.93885133
0.88614670,6,-34.79070694
0.88614670,7,-34.78029766
0.88614670,8,-12.61341455
0.88614670,9,-12.57782073
0.88614670,10,-11.39407693
0.88614670,11,-6.11588771
0.88614670,12,-5.97404078
0.88614670,13,-5.40767388
0.88614670,14,-4.91707285
0.88614670,15,-4.37890568
0.88614670,16,-4.28968213
0.88614670,17,-3.65097383
0.88614670,18,-3.11300688
0.88614670,19,-2.99378774
0.88614670,20,0.16594197
0.88614670,21,0.77308763
0.88614670,22,1.06021537
0.88614670,23,3.01932660
0.88614670,24,3.18451690
0.88614670,25,3.61082924
0.88614670,26,4.84197801
0.88614670,27,6.11381210
0.88614670,28,6.32795392
0.88614670,29,6.60755435
0.89961540,0,-68.14793084
0.89961540,1,-68.14452268
0.89961540,2,-35.18319154
0.89961540,3,-35.15687567
0.89961540,4,-35.13709267
0.89961540,5,-34.93597649
0.89961540,6,-34.79628144
0.89961540,7,-34.77503975
0.89961540,8,-12.64327962
0.89961540,9,-12.56911209
0.89961540,10,-11.39754395
0.89961540,11,-6.19164641
0.89961540,12,-5.92401289
0.89961540,13,-5.38036204
0.89961540,14,-4.89224805
0.89961540,15,-4.41913040
0.89961540,16,-4.24698706
0.89961540,17,-3.64176941
0.89961540,18,-3.15894086
0.89961540,19,-2.92781456
0.89961540,20,0.11121134
0.89961540,21,0.66559465
0.89961540,22,1.27571039
0.89961540,23,2.92161032
0.89961540,24,3.25672444
0.89961540,25,3.63083837
0.89961540,26,4.84848795
0.89961540,27,5.99503561
0.89961540,28,6.16908268
0.89961540,29,6.73443315
0.91308410,0,-68.14896217
0.91308410,1,-68.14377717
0.91308410,2,-35.19151729
0.91308410,3,-35.15827572
0.91308410,4,-35.12550847
0.91308410,5,-34.93137730
0.91308410,6,-34.80208190
0.91308410,7,-34.76974949
0.91308410,8,-12.68153614
0.91308410,9,-12.56667595
0.91308410,10,-11.40481559
0.91308410,11,-6.25653194
0.91308410,12,-5.88600760
0.91308410,13,-5.34987896
0.91308410,14,-4.85510930
0.91308410,15,-4.45061514
0.91308410,16,-4.20402538
0.91308410,17,-3.62936574
0.91308410,18,-3.19468622
0.91308410,19,-2.85981115
0.91308410,20,0.05269833
0.91308410,21,0.57244486
0.91308410,22,1.51468177
0.91308410,23,2.81441600
0.91308410,24,3.31600196
0.91308410,25,3.66743981
0.91308410,26,4.85536406
0.91308410,27,5.84134393
0.91308410,28,5.99971249
0.91308410,29,6.84108309
0.92655280,0,-68.15007333
0.92655280,1,-68.14307299
0.92655280,2,-35.19854922
0.92655280,3,-35.15970129
0.92655280,4,-35.11386834
0.92655280,5,-34.92528594
0.92655280,6,-34.80801768
0.92655280,7,-34.76447587
0.92655280,8,-12.72793613
0.92655280,9,-12.57095272
0.92655280,10,-11.41683546
0.92655280,11,-6.30516462
0.92655280,12,-5.85532048
0.92655280,13,-5.32486171
0.92655280,14,-4.81204279
0.92655280,15,-4.46812308
0.92655280,16,-4.15865467
0.92655280,17,-3.61620223
0.92655280,18,-3.21934963
0.92655280,19,-2.79064452
0.92655280,20,0.00053361
0.92655280,21,0.49331766
0.92655280,22,1.76361389
0.92655280,23,2.69991458
0.92655280,24,3.35986235
0.92655280,25,3.71907322
0.92655280,26,4.86005082
0.92655280,27,5.67781937
0.92655280,28,5.82336253
0.92655280,29,6.92657780
0.94002150,0,-68.15126873
0.94002150,1,-68.14242123
0.94002150,2,-35.20417674
0.94002150,3,-35.16083164
0.94002150,4,-35.10232507
0.94002150,5,-34.91796102
0.94002150,6,-34.81398953
0.94002150,7,-34.75927330
0.94002150,8,-12.78226522
0.94002150,9,-12.58236030
0.94002150,10,-11.43417705
0.94002150,11,-6.33519695
0.94002150,12,-5.82702919
0.94002150,13,-5.31119228
0.94002150,14,-4.76960796
0.94002150,15,-4.46671885
0.94002150,16,-4.10981206
0.94002150,17,-3.60613630
0.94002150,18,-3.22932368
0.94002150,19,-2.72119283
0.94002150,20,-0.04102733
0.94002150,21,0.42667437
0.94002150,22,2.01321397
0.94002150,23,2.58033161
0.94002150,24,3.39152519
0.94002150,25,3.77818679
0.94002150,26,4.86134851
0.94002150,27,5.51957209
0.94002150,28,5.64303879
0.94002150,29,6.99413765
0.95349020,0,-68.15254186
0.95349020,1,-68.14182318
0.95349020,2,-35.20834967
0.95349020,3,-35.16135611
0.95349020,4,-35.09097420
0.95349020,5,-34.90965019
0.95349020,6,-34.81987629
0.95349020,7,-34.75417694
0.95349020,8,-12.84426031
0.95349020,9,-12.60105450
0.95349020,10,-11.45696383
0.95349020,11,-6.34637886
0.95349020,12,-5.79697034
0.95349020,13,-5.31093673
0.95349020,14,-4.73247060
0.95349020,15,-4.44361159
0.95349020,16,-4.05903774
0.95349020,17,-3.60379594
0.95349020,18,-3.21794236
0.95349020,19,-2.65221000
0.95349020,20,-0.07030010
0.95349020,21,0.36989537
0.95349020,22,2.25465554
0.95349020,23,2.45791378
0.95349020,24,3.41695390
0.95349020,25,3.83444411
0.95349020,26,4.85996119
0.95349020,27,5.37572272
0.95349020,28,5.46174712
0.95349020,29,7.04880492
0.96695890,0,-68.15389266
0.96695890,1,-68.14128477
0.96695890,2,-35.21107448
0.96695890,3,-35.16101036
0.96695890,4,-35.07989427
0.96695890,5,-34.90059079
0.96695890,6,-34.82555715
0.96695890,7,-34.74923016
0.96695890,8,-12.91368723
0.96695890,9,-12.62710151
0.96695890,10,-11.48490144
0.96695890,11,-6.34035448
0.96695890,12,-5.76226292
0.96695890,13,-5.32149216
0.96695890,14,-4.70263704
0.96695890,15,-4.39933138
0.96695890,16,-4.01263801
0.96695890,17,-3.60909046
0.96695890,18,-3.17955428
0.96695890,19,-2.58437474
0.96695890,20,-0.08699483
0.96695890,21,0.31957207
0.96695890,22,2.33482850
0.96695890,23,2.47785205
0.96695890,24,3.44156137
0.96695890,25,3.87833970
0.96695890,26,4.85837181
0.96695890,27,5.25201359
0.96695890,28,5.28348939
0.96695890,29,7.09554195
0.98042760,0,-68.15531927
0.98042760,1,-68.14080991
0.98042760,2,-35.21240958
0.98042760,3,-35.15958453
0.98042760,4,-35.06915034
0.98042760,5,-34.89098812
0.98042760,6,-34.83089100
0.98042760,7,-34.74446443
0.98042760,8,-12.99030798
0.98042760,9,-12.66035920
0.98042760,10,-11.51734493
0.98042760,11,-6.32066065
0.98042760,12,-5.72134386
0.98042760,13,-5.33622101
0.98042760,14,-4.67976059
0.98042760,15,-4.33705878
0.98042760,16,-3.98402618
0.98042760,17,-3.60965168
0.98042760,18,-3.11435324
0.98042760,19,-2.51824834
0.98042760,20,-0.09178819
0.98042760,21,0.27212741
0.98042760,22,2.21347291
0.98042760,23,2.67041594
0.98042760,24,3.46919740
0.98042760,25,3.90285895
0.98042760,26,4.85655725
0.98042760,27,5.11787704
0.98042760,28,5.15170751
0.98042760,29,7.13782447
0.99389630,0,-68.15681854
0.99389630,1,-68.14040215
0.99389630,2,-35.21244786
0.99389630,3,-35.15691230
0.99389630,4,-35.05878627
0.99389630,5,-34.88103129
0.99389630,6,-34.83573521
0.99389630,7,-34.73990705
0.99389630,8,-13.07380166
0.99389630,9,-12.70054019
0.99389630,10,-11.55342859
0.99389630,11,-6.29281460
0.99389630,12,-5.67389678
0.99389630,13,-5.34597572
0.99389630,14,-4.66221228
0.99389630,15,-4.26093914
0.99389630,16,-3.98967991
0.99389630,17,-3.58524264
0.99389630,18,-3.02736005
0.99389630,19,-2.45422216
0.99389630,20,-0.08615968
0.99389630,21,0.22455045
0.99389630,22,2.09619685
0.99389630,23,2.81870547
0.99389630,24,3.50196912
0.99389630,25,3.90439129
0.99389630,26,4.82029666
0.99389630,27,5.01089560
0.99389630,28,5.07550786
0.99389630,29,7.17749834
1.00736500,0,-68.15838060
1.00736500,1,-68.14005804
1.00736500,2,-35.21132962
1.00736500,3,-35.15286439
1.00736500,4,-35.04880852
1.00736500,5,-34.87087062
1.00736500,6,-34.83993391
1.00736500,7,-34.73557514
1.00736500,8,-13.16372260
1.00736500,9,-12.74714802
1.00736500,10,-11.59218804
1.00736500,11,-6.26396478
1.00736500,12,-5.62086360
1.00736500,13,-5.34056613
1.00736500,14,-4.64796383
1.00736500,15,-4.17484820
1.00736500,16,-4.03210091
1.00736500,17,-3.52761509
1.00736500,18,-2.92486848
1.00736500,19,-2.39246574
1.00736500,20,-0.07238655
1.00736500,21,0.17513350
1.00736500,22,1.98566405
1.00736500,23,2.91070695
1.00736500,24,3.53982134
1.00736500,25,3.88337838
1.00736500,26,4.69295025
1.00736500,27,5.02173425
1.00736500,28,5.02982263
1.00736500,29,7.21293794
1.02083370,0,-68.16000344
1.02083370,1,-68.13978569
1.02083370,2,-35.20924960
1.02083370,3,-35.14736642
1.02083370,4,-35.03921135
1.02083370,5,-34.86064977
1.02083370,6,-34.84336014
1.02083370,7,-34.73149336
1.02083370,8,-13.25954416
1.02083370,9,-12.79968364
1.02083370,10,-11.63271053
1.02083370,11,-6.24167293
1.02083370,12,-5.56470382
1.02083370,13,-5.31049873
1.02083370,14,-4.63545381
1.02083370,15,-4.09766065
1.02083370,16,-4.08195308
1.02083370,17,-3.44382978
1.02083370,18,-2.81282003
1.02083370,19,-2.33294903
1.02083370,20,-0.05355115
1.02083370,21,0.12381734
1.02083370,22,1.88483629
1.02083370,23,2.94113101
1.02083370,24,3.57957447
1.02083370,25,3.84440064
1.02083370,26,4.53329652
1.02083370,27,4.98718405
1.02083370,28,5.12010306
1.02083370,29,7.23794675
1.03430240,0,-68.16168315
1.03430240,1,-68.13958209
1.03430240,2,-35.20644749
1.03430240,3,-35.14038841
1.03430240,4,-35.02992238
1.03430240,5,-34.85049054
1.03430240,6,-34.84588374
1.03430240,7,-34.72768121
1.03430240,8,-13.36056626
1.03430240,9,-12.85748985
1.03430240,10,-11.67420017
1.03430240,11,-6.23125692
1.03430240,12,-5.50963275
1.03430240,13,-5.24950053
1.03430240,14,-4.62362576
1.03430240,15,-4.17064958
1.03430240,16,-3.98471116
1.03430240,17,-3.34184409
1.03430240,18,-2.69652574
1.03430240,19,-2.27536549
1.03430240,20,-0.03352198
1.03430240,21,0.07242573
1.03430240,22,1.79698253
1.03430240,23,2.91426172
1.03430240,24,3.61220157
1.03430240,25,3.79730362
1.03430240,26,4.36901734
1.03430240,27,4.96883655
1.03430240,28,5.24896875
1.03430240,29,7.25222737
1.04777110,0,-68.16340361
1.04777110,1,-68.13944695
1.04777110,2,-35.20319596
1.04777110,3,-35.13192137
1.04777110,4,-35.02081285
1.04777110,5,-34.84741334
1.04777110,6,-34.84049352
1.04777110,7,-34.72413815
1.04777110,8,-13.46597149
1.04777110,9,-12.91978707
1.04777110,10,-11.71603640
1.04777110,11,-6.23360087
1.04777110,12,-5.46224849
1.04777110,13,-5.15651689
1.04777110,14,-4.61223236
1.04777110,15,-4.23710322
1.04777110,16,-3.88499005
1.04777110,17,-3.22599989
1.04777110,18,-2.58071145
1.04777110,19,-2.21910486
1.04777110,20,-0.01679872
1.04777110,21,0.02434382
1.04777110,22,1.72548218
1.04777110,23,2.84165643
1.04777110,24,3.61543960
1.04777110,25,3.76343978
1.04777110,26,4.20452521
1.04777110,27,4.96481777
1.04777110,28,5.39992147
1.04777110,29,7.25279959
1.06123980,0,-68.16516014
1.06123980,1,-68.13937368
1.06123980,2,-35.19981294
1.06123980,3,-35.12198464
1.06123980,4,-35.01170098
1.06123980,5,-34.84789980
1.06123980,6,-34.83075216
1.06123980,7,-34.72087585
1.06123980,8,-13.57483792
1.06123980,9,-12.98580355
1.06123980,10,-11.75778807
1.06123980,11,-6.24570343
1.06123980,12,-5.43163632
1.06123980,13,-5.03523413
1.06123980,14,-4.60178987
1.06123980,15,-4.28323232
1.06123980,16,-3.78413556
1.06123980,17,-3.09843955
1.06123980,18,-2.46952733
1.06123980,19,-2.16328621
1.06123980,20,-0.01598194
1.06123980,21,-0.00808042
1.06123980,22,1.67323741
1.06123980,23,2.73740533
1.06123980,24,3.57011157
1.06123980,25,3.75952597
1.06123980,26,4.04054495
1.06123980,27,4.97401782
1.06123980,28,5.55778963
1.06123980,29,7.23738319
1.07470851,0,-68.16694243
1.07470851,1,-68.13935879
1.07470851,2,-35.19661701
1.07470851,3,-35.11063589
1.07470851,4,-35.00236580
1.07470851,5,-34.84733905
1.07470851,6,-34.82134502
1.07470851,7,-34.71790316
1.07470851,8,-13.68618385
1.07470851,9,-13.05473982
1.07470851,10,-11.79919626
1.07470851,11,-6.26282073
1.07470851,12,-5.42773726
1.07470851,13,-4.89188396
1.07470851,14,-4.59279531
1.07470851,15,-4.29638110
1.07470851,16,-3.68290333
1.07470851,17,-2.96036308
1.07470851,18,-2.36637554
1.07470851,19,-2.10676936
1.07470851,20,-0.04378500
1.07470851,21,-0.01149858
1.07470851,22,1.64154876
1.07470851,23,2.61517243
1.07470851,24,3.49697645
1.07470851,25,3.76215416
1.07470851,26,3.87730711
1.07470851,27,4.99452576
1.07470851,28,5.70895973
1.07470851,29,7.19475906
1.08817721,0,-68.16873955
1.08817721,1,-68.13940195
1.08817721,2,-35.19391303
1.08817721,3,-35.09795826
1.08817721,4,-34.99258142
1.08817721,5,-34.84577794
1.08817721,6,-34.81234196
1.08817721,7,-34.71522125
1.08817721,8,-13.79902023
1.08817721,9,-13.12578882
1.08817721,10,-11.84012986
1.08817721,11,-6.28037949
1.08817721,12,-5.45702114
1.08817721,13,-4.73368437
1.08817721,14,-4.58456200
1.08817721,15,-4.26972014
1.08817721,16,-3.58119458
1.08817721,17,-2.81270880
1.08817721,18,-2.27358903
1.08817721,19,-2.04822684
1.08817721,20,-0.05479391
1.08817721,21,-0.02968682
1.08817721,22,1.62838580
1.08817721,23,2.48792613
1.08817721,24,3.41403481
1.08817721,25,3.71520172
1.08817721,26,3.75211756
1.08817721,27,5.02179277
1.08817721,28,5.84171610
1.08817721,29,7.12951936
1.10164591,0,-68.17054161
1.10164591,1,-68.13950192
1.10164591,2,-35.19194965
1.10164591,3,-35.08406971
1.10164591,4,-34.98215148
1.10164591,5,-34.84329483
1.10164591,6,-34.80380712
1.10164591,7,-34.71283707
1.10164591,8,-13.91234458
1.10164591,9,-13.19818454
1.10164591,10,-11.88054966
1.10164591,11,-6.29468165
1.10164591,12,-5.51873659
1.10164591,13,-4.57621460
1.10164591,14,-4.56850327
1.10164591,15,-4.20456892
1.10164591,16,-3.47759129
1.10164591,17,-2.65639889
1.10164591,18,-2.19200383
1.10164591,19,-1.98627477
1.10164591,20,-0.06315058
1.10164591,21,-0.04603090
1.10164591,22,1.62613905
1.10164591,23,2.36972161
1.10164591,24,3.32794521
1.10164591,25,3.55493004
1.10164591,26,3.72381279
1.10164591,27,5.04754672
1.10164591,28,5.94679942
1.10164591,29,7.04990398
1.11511461,0,-68.17233939
1.11511461,1,-68.13965080
1.11511461,2,-35.19090802
1.11511461,3,-35.06908835
1.11511461,4,-34.97094580
1.11511461,5,-34.83999530
1.11511461,6,-34.79578745
1.11511461,7,-34.71075638
1.11511461,8,-14.02517434
1.11511461,9,-13.27114577
1.11511461,10,-11.92045731
1.11511461,11,-6.30291827
1.11511461,12,-5.60621613
1.11511461,13,-4.56852924
1.11511461,14,-4.40531593
1.11511461,15,-4.10694892
1.11511461,16,-3.36870489
1.11511461,17,-2.49253880
1.11511461,18,-2.12065433
1.11511461,19,-1.91966515
1.11511461,20,-0.11030322
1.11511461,21,-0.01639584
1.11511461,22,1.61950341
1.11511461,23,2.27839486
1.11511461,24,3.24175455
1.11511461,25,3.39749911
1.11511461,26,3.67714400
1.11511461,27,5.06013543
1.11511461,28,6.01795754
1.11511461,29,6.96236546
1.12858331,0,-68.17411688
1.12858331,1,-68.13984026
1.12858331,2,-35.19085745
1.12858331,3,-35.05315233
1.12858331,4,-34.95893708
1.12858331,5,-34.83597527
1.12858331,6,-34.78832041
1.12858331,7,-34.70898131
1.12858331,8,-14.13652798
1.12858331,9,-13.34391632
1.12858331,10,-11.95985800
1.12858331,11,-6.30304153
1.12858331,12,-5.71115002
1.12858331,13,-4.56321668
1.12858331,14,-4.25453005
1.12858331,15,-3.98368632
1.12858331,16,-3.24881387
1.12858331,17,-2.32251723
1.12858331,18,-2.05681718
1.12858331,19,-1.84755361
1.12858331,20,-0.16808710
1.12858331,21,0.03318945
1.12858331,22,1.58825281
1.12858331,23,2.23387795
1.12858331,24,3.15723268
1.12858331,25,3.24419581
1.12858331,26,3.61429936
1.12858331,27,5.04617975
1.12858331,28,6.05288352
1.12858331,29,6.87968351
1.14205201,0,-68.17586771
1.14205201,1,-68.14006658
1.14205201,2,-35.19178905
1.14205201,3,-35.03642586
1.14205201,4,-34.94622297
1.14205201,5,-34.83133745
1.14205201,6,-34.78143992
1.14205201,7,-34.70752705
1.14205201,8,-14.24554047
1.14205201,9,-13.41583301
1.14205201,10,-11.99873946
1.14205201,11,-6.29368677
1.14205201,12,-5.82651406
1.14205201,13,-4.56179920
1.14205201,14,-4.12719153
1.14205201,15,-3.84059628
1.14205201,16,-3.11080074
1.14205201,17,-2.14829558
1.14205201,18,-1.99633720
1.14205201,19,-1.76977920
1.14205201,20,-0.23272216
1.14205201,21,0.10011545
1.14205201,22,1.52201157
1.14205201,23,2.24446591
1.14205201,24,3.07542663
1.14205201,25,3.09659085
1.14205201,26,3.53830384
1.14205201,27,4.99349738
1.14205201,28,6.05322279
1.14205201,29,6.81460120
1.15552071,0,-68.17757316
1.15552071,1,-68.14031978
1.15552071,2,-35.19360389
1.15552071,3,-35.01907780
1.15552071,4,-34.93299273
1.15552071,5,-34.82614200
1.15552071,6,-34.77515981
1.15552071,7,-34.70639901
1.15552071,8,-14.35133530
1.15552071,9,-13.48620199
1.15552071,10,-12.03702166
1.15552071,11,-6.27391004
1.15552071,12,-5.94700550
1.15552071,13,-4.56518731
1.15552071,14,-4.03205201
1.15552071,15,-3.68208144
1.15552071,16,-2.94906735
1.15552071,17,-1.97588541
1.15552071,18,-1.93093251
1.15552071,19,-1.68709026
1.15552071,20,-0.30018292
1.15552071,21,0.18076509
1.15552071,22,1.42935689
1.15552071,23,2.29838130
1.15552071,24,2.95679931
1.15552071,25,2.99680084
1.15552071,26,3.45256354
1.15552071,27,4.89499068
1.15552071,28,6.02297941
1.15552071,29,6.77560818
1.16898941,0,-68.17922345
1.16898941,1,-68.14059681
1.16898941,2,-35.19617202
1.16898941,3,-35.00129271
1.16898941,4,-34.91953772
1.16898941,5,-34.82043215
1.16898941,6,-34.76948367
1.16898941,7,-34.70562291
1.16898941,8,-14.45316834
1.16898941,9,-13.55442026
1.16898941,10,-12.07458821
1.16898941,11,-6.24319120
1.16898941,12,-6.06882411
1.16898941,13,-4.57377502
1.16898941,14,-3.97257656
1.16898941,15,-3.51137990
1.16898941,16,-2.76271772
1.16898941,17,-1.87684943
1.16898941,18,-1.78755750
1.16898941,19,-1.60134814
1.16898941,20,-0.36633895
1.16898941,21,0.27111864
1.16898941,22,1.32491332
1.16898941,23,2.37613269
1.16898941,24,2.82838257
1.16898941,25,2.92110002
1.16898941,26,3.36079124
1.16898941,27,4.75101349
1.16898941,28,5.96642181
1.16898941,29,6.76499426
1.18245811,0,-68.18080677
1.18245811,1,-68.14088970
1.18245811,2,-35.19932924
1.18245811,3,-34.98325732
1.18245811,4,-34.90620225
1.18245811,5,-34.81421934
1.18245811,6,-34.76441113
1.18245811,7,-34.70521766
1.18245811,8,-14.55032767
1.18245811,9,-13.61989737
1.18245811,10,-12.11125391
1.18245811,11,-6.20131144
1.18245811,12,-6.18913863
1.18245811,13,-4.58745505
1.18245811,14,-3.94690224
1.18245811,15,-3.33093819
1.18245811,16,-2.55579526
1.18245811,17,-1.80367437
1.18245811,18,-1.61344292
1.18245811,19,-1.51563861
1.18245811,20,-0.42681637
1.18245811,21,0.36720425
1.18245811,22,1.21921207
1.18245811,23,2.45594285
1.18245811,24,2.72133926
1.18245811,25,2.84719919
1.18245811,26,3.26734608
1.18245811,27,4.56840267
1.18245811,28,5.88631227
1.18245811,29,6.77950118
1.19592681,0,-68.18231908
1.19592681,1,-68.14119428
1.19592681,2,-35.20289732
1.19592681,3,-34.96518225
1.19592681,4,-34.89336969
1.19592681,5,-34.80750213
1.19592681,6,-34.75994623
1.19592681,7,-34.70521315
1.19592681,8,-14.64216253
1.19592681,9,-13.68216584
1.19592681,10,-12.14677868
1.19592681,11,-6.30577941
1.19592681,12,-6.14838545
1.19592681,13,-4.60572667
1.19592681,14,-3.95056428
1.19592681,15,-3.14276942
1.19592681,16,-2.33502429
1.19592681,17,-1.72274132
1.19592681,18,-1.44337978
1.19592681,19,-1.43427908
1.19592681,20,-0.47677707
1.19592681,21,0.46523967
1.19592681,22,1.11844868
1.19592681,23,2.48708555
1.19592681,24,2.67904438
1.19592681,25,2.77295993
1.19592681,26,3.17746550
1.19592681,27,4.35713364
1.19592681,28,5.78229434
1.19592681,29,6.90655064
1.20939551,0,-68.18374000
1.20939551,1,-68.14149885
1.20939551,2,-35.20670527
1.20939551,3,-34.94725458
1.20939551,4,-34.88140178
1.20939551,5,-34.80026558
1.20939551,6,-34.75605295
1.20939551,7,-34.70562525
1.20939551,8,-14.72802934
1.20939551,9,-13.74068047
1.20939551,10,-12.18085558
1.20939551,11,-6.41698058
1.20939551,12,-6.08466750
1.20939551,13,-4.62763806
1.20939551,14,-3.97861702
1.20939551,15,-2.94867069
1.20939551,16,-2.10790325
1.20939551,17,-1.63238636
1.20939551,18,-1.36239910
1.20939551,19,-1.28155463
1.20939551,20,-0.51091788
1.20939551,21,0.56152747
1.20939551,22,1.02633436
1.20939551,23,2.43123465
1.20939551,24,2.69566816
1.20939551,25,2.73526410
1.20939551,26,3.09697257
1.20939551,27,4.12760307
1.20939551,28,5.66053986
1.20939551,29,6.87042360
1.22286421,0,-68.18506126
1.22286421,1,-68.14179607
1.22286421,2,-35.21059160
1.22286421,3,-34.92968421
1.22286421,4,-34.87061093
1.22286421,5,-34.79255114
1.22286421,6,-34.75270315
1.22286421,7,-34.70647551
1.22286421,8,-14.80739358
1.22286421,9,-13.79499173
1.22286421,10,-12.21315709
1.22286421,11,-6.52130364
1.22286421,12,-6.01069327
1.22286421,13,-4.65206490
1.22286421,14,-4.02686004
1.22286421,15,-2.75046041
1.22286421,16,-1.88260857
1.22286421,17,-1.53280461
1.22286421,18,-1.30425128
1.22286421,19,-1.13137987
1.22286421,20,-0.52437133
1.22286421,21,0.65213569
1.22286421,22,0.94528117
1.22286421,23,2.35557427
1.22286421,24,2.61348719
1.22286421,25,2.81967156
1.22286421,26,3.03070722
1.22286421,27,3.88964692
1.22286421,28,5.52231870
1.22286421,29,6.84570838
1.23633291,0,-68.18627275
1.23633291,1,-68.14208275
1.23633291,2,-35.21442721
1.23633291,3,-34.91268843
1.23633291,4,-34.86119708
1.23633291,5,-34.78447733
1.23633291,6,-34.74986394
1.23633291,7,-34.70777954
1.23633291,8,-14.87976561
1.23633291,9,-13.84470038
1.23633291,10,-12.24332814
1.23633291,11,-6.61757559
1.23633291,12,-5.92717428
1.23633291,13,-4.67778026
1.23633291,14,-4.09179565
1.23633291,15,-2.55018420
1.23633291,16,-1.67024470
1.23633291,17,-1.42521047
1.23633291,18,-1.25865422
1.23633291,19,-0.99601144
1.23633291,20,-0.51490931
1.23633291,21,0.73259485
1.23633291,22,0.87704636
1.23633291,23,2.28751781
1.23633291,24,2.52746037
1.23633291,25,2.90261596
1.23633291,26,2.97981318
1.23633291,27,3.65322490
1.23633291,28,5.37209725
1.23633291,29,6.83548021
1.24980161,0,-68.18736386
1.24980161,1,-68.14235002
1.24980161,2,-35.21808328
1.24980161,3,-34.89648782
1.24980161,4,-34.85323405
1.24980161,5,-34.77627015
1.24980161,6,-34.74749142
1.24980161,7,-34.70952699
1.24980161,8,-14.94467651
1.24980161,9,-13.88943693
1.24980161,10,-12.27100461
1.24980161,11,-6.70476034
1.24980161,12,-5.83502396
1.24980161,13,-4.70353039
1.24980161,14,-4.17052648
1.24980161,15,-2.35029711
1.24980161,16,-1.49345276
1.24980161,17,-1.31165157
1.24980161,18,-1.20831651
1.24980161,19,-0.87813407
1.24980161,20,-0.48508962
1.24980161,21,0.79786741
1.24980161,22,0.82301251
1.24980161,23,2.23291874
1.24980161,24,2.44204463
1.24980161,25,2.93866188
1.24980161,26,2.97649237
1.24980161,27,3.43131014
1.24980161,28,5.21556622
1.24980161,29,6.84023631
1.26327031,0,-68.18832969
1.26327031,1,-68.14259864
1.26327031,2,-35.22145589
1.26327031,3,-34.88133608
1.26327031,4,-34.84668682
1.26327031,5,-34.76824642
1.26327031,6,-34.74556091
1.26327031,7,-34.71168113
1.26327031,8,-15.00176525
1.26327031,9,-13.92891238
1.26327031,10,-12.29583061
1.26327031,11,-6.78200877
1.26327031,12,-5.73538933
1.26327031,13,-4.72824445
1.26327031,14,-4.26055212
1.26327031,15,-2.15393834
1.26327031,16,-1.39441857
1.26327031,17,-1.19497487
1.26327031,18,-1.11234721
1.26327031,19,-0.77983446
1.26327031,20,-0.44171162
1.26327031,21,0.78417345
1.26327031,22,0.84284205
1.26327031,23,2.19333711
1.26327031,24,2.36342822
1.26327031,25,2.88801095
1.26327031,26,3.03818109
1.26327031,27,3.24797088
1.26327031,28,5.05917381
1.26327031,29,6.85834867
1.27673901,0,-68.18915973
1.27673901,1,-68.14281503
1.27673901,2,-35.22445194
1.27673901,3,-34.86748620
1.27673901,4,-34.84143132
1.27673901,5,-34.76075510
1.27673901,6,-34.74403301
1.27673901,7,-34.71415166
1.27673901,8,-15.05065899
1.27673901,9,-13.96278092
1.27673901,10,-12.31747371
1.27673901,11,-6.84856028
1.27673901,12,-5.62965854
1.27673901,13,-4.75082917
1.27673901,14,-4.35940628
1.27673901,15,-1.96524771
1.27673901,16,-1.36842408
1.27673901,17,-1.07887245
1.27673901,18,-0.97525012
1.27673901,19,-0.70241650
1.27673901,20,-0.39288946
1.27673901,21,0.76085633
1.27673901,22,0.86393784
1.27673901,23,2.16853492
1.27673901,24,2.29721157
1.27673901,25,2.79214182
1.27673901,26,3.08635668
1.27673901,27,3.14263585
1.27673901,28,4.90981803
1.27673901,29,6.88703744
1.29020771,0,-68.18984721
1.29020771,1,-68.14299838
1.29020771,2,-35.22699964
1.29020771,3,-34.85525332
1.29020771,4,-34.83733995
1.29020771,5,-34.75413046
1.29020771,6,-34.74288037
1.29020771,7,-34.71678878
1.29020771,8,-15.09106649
1.29020771,9,-13.99082619
1.29020771,10,-12.33562785
1.29020771,11,-6.90382055
1.29020771,12,-5.51968600
1.29020771,13,-4.77046517
1.29020771,14,-4.46451419
1.29020771,15,-1.78980203
1.29020771,16,-1.37067858
1.29020771,17,-0.96800703
1.29020771,18,-0.84172626
1.29020771,19,-0.64631188
1.29020771,20,-0.34563493
1.29020771,21,0.75209117
1.29020771,22,0.86124892
1.29020771,23,2.15676764
1.29020771,24,2.24637233
1.29020771,25,2.65443614
1.29020771,26,3.11478742
1.29020771,27,3.12098812
1.29020771,28,4.77454042
1.29020771,29,6.92286182
1.30367642,0,-68.19038511
1.30367642,1,-68.14314557
1.30367642,2,-35.22904009
1.30367642,3,-34.84501261
1.30367642,4,-34.83428715
1.30367642,5,-34.74867016
1.30367642,6,-34.74206183
1.30367642,7,-34.71935979
1.30367642,8,-15.12272460
1.30367642,9,-14.01286078
1.30367642,10,-12.35003301
1.30367642,11,-6.94729118
1.30367642,12,-5.40829046
1.30367642,13,-4.78641591
1.30367642,14,-4.57259407
1.30367642,15,-1.63512145
1.30367642,16,-1.38065699
1.30367642,17,-0.86813236
1.30367642,18,-0.73216474
1.30367642,19,-0.61082674
1.30367642,20,-0.30504260
1.30367642,21,0.75488578
1.30367642,22,0.84020709
1.30367642,23,2.15487796
1.30367642,24,2.21041522
1.30367642,25,2.51858815
1.30367642,26,3.12278628
1.30367642,27,3.14328127
1.30367642,28,4.66028053
1.30367642,29,6.96345975
1.31714512,0,-68.19076888
1.31714512,1,-68.14324949
1.31714512,2,-35.23052786
1.31714512,3,-34.83718336
1.31714512,4,-34.83217105
1.31714512,5,-34.74459363
1.31714512,6,-34.74155740
1.31714512,7,-34.72155653
1.31714512,8,-15.14547799
1.31714512,9,-14.02865928
1.31714512,10,-12.36047483
1.31714512,11,-6.97858884
1.31714512,12,-5.30069598
1.31714512,13,-4.79816955
1.31714512,14,-4.67796513
1.31714512,15,-1.51104497
1.31714512,16,-1.39085617
1.31714512,17,-0.78612525
1.31714512,18,-0.65307516
1.31714512,19,-0.59361111
1.31714512,20,-0.27437762
1.31714512,21,0.76405359
1.31714512,22,0.81112880
1.31714512,23,2.15860525
1.31714512,24,2.18623637
1.31714512,25,2.41137021
1.31714512,26,3.14099450
1.31714512,27,3.15561882
1.31714512,28,4.57339770
1.31714512,29,7.01155077
1.33061382,0,-68.19100065
1.33061382,1,-68.14331515
1.33061382,2,-35.23143589
1.33061382,3,-34.83223535
1.33061382,4,-34.83092934
1.33061382,5,-34.74208128
1.33061382,6,-34.74130762
1.33061382,7,-34.72305059
1.33061382,8,-15.15918419
1.33061382,9,-14.03819690
1.33061382,10,-12.36681187
1.33061382,11,-6.99749173
1.33061382,12,-5.20988792
1.33061382,13,-4.80538857
1.33061382,14,-4.76755347
1.33061382,15,-1.42925776
1.33061382,16,-1.39797486
1.33061382,17,-0.72997512
1.33061382,18,-0.60590111
1.33061382,19,-0.58965218
1.33061382,20,-0.25545040
1.33061382,21,0.77319262
1.33061382,22,0.78656159
1.33061382,23,2.16333060
1.33061382,24,2.17095629
1.33061382,25,2.34501873
1.33061382,26,3.15657509
1.33061382,27,3.16111895
1.33061382,28,4.51903329
1.33061382,29,7.07559064
1.34408252,0,-68.19108029
1.34408252,1,-68.14333608
1.34408252,2,-35.23173898
1.34408252,3,-34.83053972
1.34408252,4,-34.83051317
1.34408252,5,-34.74123979
1.34408252,6,-34.74122852
1.34408252,7,-34.72359174
1.34408252,8,-15.16375414
1.34408252,9,-14.04139363
1.34408252,10,-12.36893267
1.34408252,11,-7.00381325
1.34408252,12,-5.16925096
1.34408252,13,-4.80784268
1.34408252,14,-4.80775864
1.34408252,15,-1.40051434
1.34408252,16,-1.40045135
1.34408252,17,-0.70927207
1.34408252,18,-0.59041250
1.34408252,19,-0.59023780
1.34408252,20,-0.24907267
1.34408252,21,0.77692798
1.34408252,22,0.77701100
1.34408252,23,2.16520988
1.34408252,24,2.16543457
1.34408252,25,2.32304465
1.34408252,26,3.16253756
1.34408252,27,3.16258005
1.34408252,28,4.50052363
1.34408252,29,7.12624995
